
/***************************************************************************************************
Desc:    This seeds or re-seeds the look-up-data. It gets called from uspGenerate(),
		 so is run straight after every code deployment. If in doubt, you can also
		 run this proc stand-alone at any time, and it will re-seed the look-up data.



**************************************************************************************************/

CREATE PROCEDURE [dbo].[uspSeed] AS
	BEGIN TRY
		-- If any errors, then roll back
		BEGIN TRANSACTION

		-- If the calendar has not been populated, do so
		IF NOT EXISTS (SELECT 1 FROM [dbo].[Calendar])
		BEGIN
			EXEC uspPopulateCalendarTable
		END

		-- If the feature flags have not been set, set them
		-- These include or exclude records from various datasources in the reporting database
		IF NOT EXISTS (SELECT 1 FROM [dbo].[ReportingFeatureFlags])
		BEGIN
			INSERT INTO [dbo].[ReportingFeatureFlags](IncludeNTBS, IncludeETS, IncludeLabBase, Comment)
			VALUES(1, 1, 1, 'Include or exclude records from various datasources in the reporting database')
		END

		-- Disable all foreign keys to make the inserts below succeedC:\Users\ntbsadmin\Desktop\phe-ntbs-summaries\visual-studio\dbo\uspDeploy.sql
		DECLARE @SqlNocheck NVARCHAR(MAX) = ''
		;WITH x AS
		(
			SELECT DISTINCT obj =
				QUOTENAME(OBJECT_SCHEMA_NAME(parent_object_id)) + '.' +
				QUOTENAME(OBJECT_NAME(parent_object_id))
			FROM sys.foreign_keys
		)
		SELECT @SqlNocheck += N'ALTER TABLE ' + obj + ' NOCHECK CONSTRAINT ALL;' FROM x;
		EXEC sp_executesql @SqlNocheck;

		-- Permission inserts
		DELETE FROM dbo.Phec
		SET IDENTITY_INSERT [dbo].[Phec] ON
		INSERT dbo.Phec (PhecId, PhecCode, PhecName, SortOrder) VALUES (1, N'E45000001', N'London', 3)
		INSERT dbo.Phec (PhecId, PhecCode, PhecName, SortOrder) VALUES (2, N'E45000010', N'Yorkshire and Humber', 9)
		INSERT dbo.Phec (PhecId, PhecCode, PhecName, SortOrder) VALUES (3, N'E45000016', N'East Midlands', 1)
		INSERT dbo.Phec (PhecId, PhecCode, PhecName, SortOrder) VALUES (4, N'E45000005', N'West Midlands', 8)
		INSERT dbo.Phec (PhecId, PhecCode, PhecName, SortOrder) VALUES (5, N'E45000019', N'South East', 6)
		INSERT dbo.Phec (PhecId, PhecCode, PhecName, SortOrder) VALUES (6, N'E45000020', N'South West', 7)
		INSERT dbo.Phec (PhecId, PhecCode, PhecName, SortOrder) VALUES (7, N'E45000017', N'East of England', 2)
		INSERT dbo.Phec (PhecId, PhecCode, PhecName, SortOrder) VALUES (8, N'E45000009', N'North East', 4)
		INSERT dbo.Phec (PhecId, PhecCode, PhecName, SortOrder) VALUES (9, N'E45000018', N'North West', 5)
		INSERT dbo.Phec (PhecId, PhecCode, PhecName, SortOrder) VALUES (10, N'Unknown', N'Unknown', 10)
		INSERT dbo.Phec (PhecId, PhecCode, PhecName, SortOrder) VALUES (11, N'PHECWAL', N'Wales', 11)
		INSERT dbo.Phec (PhecId, PhecCode, PhecName, SortOrder) VALUES (12, N'PHECNI', N'Northern Ireland', 12)
		SET IDENTITY_INSERT [dbo].[Phec] OFF

		DELETE FROM dbo.AdGroup
		SET IDENTITY_INSERT [dbo].[AdGroup] ON
		INSERT [dbo].[AdGroup] ([AdGroupId], [AdGroupName], [IsNationalTeam],[ADGroupType]) VALUES (1, N'Global.NIS.NTBS.LON', 0,'R')
		INSERT [dbo].[AdGroup] ([AdGroupId], [AdGroupName], [IsNationalTeam],[ADGroupType]) VALUES (2, N'Global.NIS.NTBS.YHR', 0,'R')
		INSERT [dbo].[AdGroup] ([AdGroupId], [AdGroupName], [IsNationalTeam],[ADGroupType]) VALUES (3, N'Global.NIS.NTBS.EMS', 0,'R')
		INSERT [dbo].[AdGroup] ([AdGroupId], [AdGroupName], [IsNationalTeam],[ADGroupType]) VALUES (4, N'Global.NIS.NTBS.WMS', 0,'R')
		INSERT [dbo].[AdGroup] ([AdGroupId], [AdGroupName], [IsNationalTeam],[ADGroupType]) VALUES (5, N'Global.NIS.NTBS.SoE', 0,'R')
		INSERT [dbo].[AdGroup] ([AdGroupId], [AdGroupName], [IsNationalTeam],[ADGroupType]) VALUES (6, N'Global.NIS.NTBS.SoW', 0,'R')
		INSERT [dbo].[AdGroup] ([AdGroupId], [AdGroupName], [IsNationalTeam],[ADGroupType]) VALUES (7, N'Global.NIS.NTBS.EoE', 0,'R')
		INSERT [dbo].[AdGroup] ([AdGroupId], [AdGroupName], [IsNationalTeam],[ADGroupType]) VALUES (8, N'Global.NIS.NTBS.NoE', 0,'R')
		INSERT [dbo].[AdGroup] ([AdGroupId], [AdGroupName], [IsNationalTeam],[ADGroupType]) VALUES (9, N'Global.NIS.NTBS.NoW', 0,'R')
		INSERT [dbo].[AdGroup] ([AdGroupId], [AdGroupName], [IsNationalTeam],[ADGroupType]) VALUES (10, N'Global.NIS.NTBS.NTS', 1,'N')
		INSERT [dbo].[AdGroup] ([AdGroupId], [AdGroupName], [IsNationalTeam],[ADGroupType]) VALUES (11, N'Global.NIS.NTBS.TestGroup1', 0,'S')
		INSERT [dbo].[AdGroup] ([AdGroupId], [AdGroupName], [IsNationalTeam],[ADGroupType]) VALUES (12, N'Global.NIS.NTBS.TestGroup2', 0,'S')
		INSERT [dbo].[AdGroup] ([AdGroupId], [AdGroupName], [IsNationalTeam],[ADGroupType]) VALUES (13, N'Global.NIS.NTBS.WALES', 0, 'R')
		INSERT [dbo].[AdGroup] ([AdGroupId], [AdGroupName], [IsNationalTeam],[ADGroupType]) VALUES (14, N'Global.NIS.NTBS.NI', 0, 'R')
		SET IDENTITY_INSERT [dbo].[AdGroup] OFF

		DELETE FROM dbo.PhecAdGroup
		SET IDENTITY_INSERT [dbo].[PhecAdGroup] ON
		INSERT [dbo].[PhecAdGroup] ([PhecAdGroupId], [PhecId], [AdGroupId]) VALUES (1, 1, 1)
		INSERT [dbo].[PhecAdGroup] ([PhecAdGroupId], [PhecId], [AdGroupId]) VALUES (2, 2, 2)
		INSERT [dbo].[PhecAdGroup] ([PhecAdGroupId], [PhecId], [AdGroupId]) VALUES (3, 3, 3)
		INSERT [dbo].[PhecAdGroup] ([PhecAdGroupId], [PhecId], [AdGroupId]) VALUES (4, 4, 4)
		INSERT [dbo].[PhecAdGroup] ([PhecAdGroupId], [PhecId], [AdGroupId]) VALUES (5, 5, 5)
		INSERT [dbo].[PhecAdGroup] ([PhecAdGroupId], [PhecId], [AdGroupId]) VALUES (6, 6, 6)
		INSERT [dbo].[PhecAdGroup] ([PhecAdGroupId], [PhecId], [AdGroupId]) VALUES (7, 7, 7)
		INSERT [dbo].[PhecAdGroup] ([PhecAdGroupId], [PhecId], [AdGroupId]) VALUES (8, 8, 8)
		INSERT [dbo].[PhecAdGroup] ([PhecAdGroupId], [PhecId], [AdGroupId]) VALUES (9, 9, 9)
		INSERT [dbo].[PhecAdGroup] ([PhecAdGroupId], [PhecId], [AdGroupId]) VALUES (10, 1, 10)
		INSERT [dbo].[PhecAdGroup] ([PhecAdGroupId], [PhecId], [AdGroupId]) VALUES (11, 2, 10)
		INSERT [dbo].[PhecAdGroup] ([PhecAdGroupId], [PhecId], [AdGroupId]) VALUES (12, 3, 10)
		INSERT [dbo].[PhecAdGroup] ([PhecAdGroupId], [PhecId], [AdGroupId]) VALUES (13, 4, 10)
		INSERT [dbo].[PhecAdGroup] ([PhecAdGroupId], [PhecId], [AdGroupId]) VALUES (14, 5, 10)
		INSERT [dbo].[PhecAdGroup] ([PhecAdGroupId], [PhecId], [AdGroupId]) VALUES (15, 6, 10)
		INSERT [dbo].[PhecAdGroup] ([PhecAdGroupId], [PhecId], [AdGroupId]) VALUES (16, 7, 10)
		INSERT [dbo].[PhecAdGroup] ([PhecAdGroupId], [PhecId], [AdGroupId]) VALUES (17, 8, 10)
		INSERT [dbo].[PhecAdGroup] ([PhecAdGroupId], [PhecId], [AdGroupId]) VALUES (18, 9, 10)
		INSERT [dbo].[PhecAdGroup] ([PhecAdGroupId], [PhecId], [AdGroupId]) VALUES (19, 10, 10)
		INSERT [dbo].[PhecAdGroup] ([PhecAdGroupId], [PhecId], [AdGroupId]) VALUES (20, 11, 13)
		INSERT [dbo].[PhecAdGroup] ([PhecAdGroupId], [PhecId], [AdGroupId]) VALUES (21, 12, 14)
		SET IDENTITY_INSERT [dbo].[PhecAdGroup] OFF

		-- Other inserts
		TRUNCATE TABLE [dbo].[TemplateText]
		INSERT INTO [dbo].[TemplateText]([Desc],[Text])
		VALUES
			('Footer text to be displayed in each report',
			'1. The source ETS data presented are correct as at {ETS_LAST_REFRESHED}. The source NTBS data presented are correct as at {NTBS_LAST_REFRESHED} and the data presented in this report was generated at {REPORTING_LAST_REFRESHED}.
			2. The data presented are provisional and are subject to change.
			3. Source: Reporting Service, Enhanced Tuberculosis Surveillance system (ETS) AND National TB Surveillance system (NTBS). Use of data is covered by ETS and NTBS Data Access and Provision Policies
			Reporting database version: Release-{REPORTING_RELEASE_VERSION}-{REPORTING_RELEASE_DATE}')


		DELETE FROM [dbo].[OutcomeLookup]
		INSERT [dbo].[OutcomeLookup] (OutcomeCode, OutcomeDescription) VALUES ('Completed', 'Completed')
		INSERT [dbo].[OutcomeLookup] (OutcomeCode, OutcomeDescription) VALUES ('Cured', 'Cured')
		INSERT [dbo].[OutcomeLookup] (OutcomeCode, OutcomeDescription) VALUES ('Died', 'Died')
		INSERT [dbo].[OutcomeLookup] (OutcomeCode, OutcomeDescription) VALUES ('Lost', 'Lost to follow-up')
		INSERT [dbo].[OutcomeLookup] (OutcomeCode, OutcomeDescription) VALUES ('NotEvaluated', 'Not evaluated')
		INSERT [dbo].[OutcomeLookup] (OutcomeCode, OutcomeDescription) VALUES ('TreatmentStopped', 'Treatment stopped')
		INSERT [dbo].[OutcomeLookup] (OutcomeCode, OutcomeDescription) VALUES ('Failed', 'Failed')

		DELETE FROM [dbo].[DenotificationReasonMapping]
		INSERT [dbo].[DenotificationReasonMapping] (Reason, ReasonOutputName) VALUES ('DuplicateEntry', 'Duplicate entry')
		INSERT [dbo].[DenotificationReasonMapping] (Reason, ReasonOutputName) VALUES ('DuplicateEpisode', 'Duplicate episode (episodes less than 12 months apart)')
		INSERT [dbo].[DenotificationReasonMapping] (Reason, ReasonOutputName) VALUES ('NotTbAtypicalMyco', 'Patient found not to have TB (atypical mycobacteria)')
		INSERT [dbo].[DenotificationReasonMapping] (Reason, ReasonOutputName) VALUES ('NotTbOther', 'Patient found not to have TB (other)')
		INSERT [dbo].[DenotificationReasonMapping] (Reason, ReasonOutputName) VALUES ('Other', 'Other')

		DELETE FROM [dbo].[LegacySiteMapping]
		INSERT [dbo].[LegacySiteMapping] (SiteId, SiteOutputName) VALUES (1, 'SitePulmonary')
		INSERT [dbo].[LegacySiteMapping] (SiteId, SiteOutputName) VALUES (2, 'SiteBoneSpine')
		INSERT [dbo].[LegacySiteMapping] (SiteId, SiteOutputName) VALUES (3, 'SiteBoneOther')
		INSERT [dbo].[LegacySiteMapping] (SiteId, SiteOutputName) VALUES (4, 'SiteCNSMeningitis')
		INSERT [dbo].[LegacySiteMapping] (SiteId, SiteOutputName) VALUES (5, 'SiteCNSOther')
		INSERT [dbo].[LegacySiteMapping] (SiteId, SiteOutputName) VALUES (6, 'SiteNonPulmonaryOther')
		INSERT [dbo].[LegacySiteMapping] (SiteId, SiteOutputName) VALUES (7, 'SiteCryptic')
		INSERT [dbo].[LegacySiteMapping] (SiteId, SiteOutputName) VALUES (8, 'SiteGI')
		INSERT [dbo].[LegacySiteMapping] (SiteId, SiteOutputName) VALUES (9, 'SiteGU')
		INSERT [dbo].[LegacySiteMapping] (SiteId, SiteOutputName) VALUES (10, 'SiteITLymphNodes')
		INSERT [dbo].[LegacySiteMapping] (SiteId, SiteOutputName) VALUES (11, 'SiteLymphNode')
		INSERT [dbo].[LegacySiteMapping] (SiteId, SiteOutputName) VALUES (12, 'SiteLaryngeal')
		INSERT [dbo].[LegacySiteMapping] (SiteId, SiteOutputName) VALUES (13, 'SiteMiliary')
		INSERT [dbo].[LegacySiteMapping] (SiteId, SiteOutputName) VALUES (14, 'SitePleural')
		INSERT [dbo].[LegacySiteMapping] (SiteId, SiteOutputName) VALUES (15, 'SiteNonPulmonaryOther')
		INSERT [dbo].[LegacySiteMapping] (SiteId, SiteOutputName) VALUES (16, 'SiteNonPulmonaryOther')
		INSERT [dbo].[LegacySiteMapping] (SiteId, SiteOutputName) VALUES (17, 'SiteNonPulmonaryOther')

		DELETE FROM [dbo].[DeathLookup]
		INSERT [dbo].[DeathLookup] (DeathCode, DeathDescription) VALUES ('TbCausedDeath', 'TB caused death')
		INSERT [dbo].[DeathLookup] (DeathCode, DeathDescription) VALUES ('TbContributedToDeath', 'TB contributed to death')
		INSERT [dbo].[DeathLookup] (DeathCode, DeathDescription) VALUES ('TbIncidentalToDeath', 'TB incidental to death')
		INSERT [dbo].[DeathLookup] (DeathCode, DeathDescription) VALUES ('Unknown', 'Unknown')

		DELETE FROM [dbo].[TreatmentRegimenLookup]
		INSERT [dbo].[TreatmentRegimenLookup] (TreatmentRegimenCode, TreatmentRegimenDescription) VALUES ('StandardTherapy', 'Standard therapy')
		INSERT [dbo].[TreatmentRegimenLookup] (TreatmentRegimenCode, TreatmentRegimenDescription) VALUES ('MdrTreatment', 'RR/MDR/XDR treatment')
		INSERT [dbo].[TreatmentRegimenLookup] (TreatmentRegimenCode, TreatmentRegimenDescription) VALUES ('Other', 'Other')

		DELETE FROM [dbo].[NOIDSLALookup]
		INSERT [dbo].[NOIDSLALookup] ([LocalAuthorityCode], [LTLA_Name], [HPA_CD]) VALUES (N'E06000001', N'Hartlepool', N'EB')
		INSERT [dbo].[NOIDSLALookup] ([LocalAuthorityCode], [LTLA_Name], [HPA_CD]) VALUES (N'E06000002', N'Middlesbrough', N'EC')
		INSERT [dbo].[NOIDSLALookup] ([LocalAuthorityCode], [LTLA_Name], [HPA_CD]) VALUES (N'E06000003', N'Redcar and Cleveland', N'EE')
		INSERT [dbo].[NOIDSLALookup] ([LocalAuthorityCode], [LTLA_Name], [HPA_CD]) VALUES (N'E06000004', N'Stockton-on-Tees', N'EF')
		INSERT [dbo].[NOIDSLALookup] ([LocalAuthorityCode], [LTLA_Name], [HPA_CD]) VALUES (N'E06000005', N'Darlington', N'EH')
		INSERT [dbo].[NOIDSLALookup] ([LocalAuthorityCode], [LTLA_Name], [HPA_CD]) VALUES (N'E06000006', N'Halton', N'ET')
		INSERT [dbo].[NOIDSLALookup] ([LocalAuthorityCode], [LTLA_Name], [HPA_CD]) VALUES (N'E06000007', N'Warrington', N'EU')
		INSERT [dbo].[NOIDSLALookup] ([LocalAuthorityCode], [LTLA_Name], [HPA_CD]) VALUES (N'E06000008', N'Blackburn with Darwen', N'EX')
		INSERT [dbo].[NOIDSLALookup] ([LocalAuthorityCode], [LTLA_Name], [HPA_CD]) VALUES (N'E06000009', N'Blackpool', N'EY')
		INSERT [dbo].[NOIDSLALookup] ([LocalAuthorityCode], [LTLA_Name], [HPA_CD]) VALUES (N'E06000010', N'Kingston upon Hull, City of', N'FA')
		INSERT [dbo].[NOIDSLALookup] ([LocalAuthorityCode], [LTLA_Name], [HPA_CD]) VALUES (N'E06000011', N'East Riding of Yorkshire', N'FB')
		INSERT [dbo].[NOIDSLALookup] ([LocalAuthorityCode], [LTLA_Name], [HPA_CD]) VALUES (N'E06000012', N'North East Lincolnshire', N'FC')
		INSERT [dbo].[NOIDSLALookup] ([LocalAuthorityCode], [LTLA_Name], [HPA_CD]) VALUES (N'E06000013', N'North Lincolnshire', N'FD')
		INSERT [dbo].[NOIDSLALookup] ([LocalAuthorityCode], [LTLA_Name], [HPA_CD]) VALUES (N'E06000014', N'York', N'FF')
		INSERT [dbo].[NOIDSLALookup] ([LocalAuthorityCode], [LTLA_Name], [HPA_CD]) VALUES (N'E06000015', N'Derby', N'FK')
		INSERT [dbo].[NOIDSLALookup] ([LocalAuthorityCode], [LTLA_Name], [HPA_CD]) VALUES (N'E06000016', N'Leicester', N'FN')
		INSERT [dbo].[NOIDSLALookup] ([LocalAuthorityCode], [LTLA_Name], [HPA_CD]) VALUES (N'E06000017', N'Rutland', N'FP')
		INSERT [dbo].[NOIDSLALookup] ([LocalAuthorityCode], [LTLA_Name], [HPA_CD]) VALUES (N'E06000018', N'Nottingham', N'FY')
		INSERT [dbo].[NOIDSLALookup] ([LocalAuthorityCode], [LTLA_Name], [HPA_CD]) VALUES (N'E06000019', N'Herefordshire, County of', N'GA')
		INSERT [dbo].[NOIDSLALookup] ([LocalAuthorityCode], [LTLA_Name], [HPA_CD]) VALUES (N'E06000020', N'Telford and Wrekin', N'GF')
		INSERT [dbo].[NOIDSLALookup] ([LocalAuthorityCode], [LTLA_Name], [HPA_CD]) VALUES (N'E06000021', N'Stoke-on-Trent', N'GL')
		INSERT [dbo].[NOIDSLALookup] ([LocalAuthorityCode], [LTLA_Name], [HPA_CD]) VALUES (N'E06000022', N'Bath and North East Somerset', N'HA')
		INSERT [dbo].[NOIDSLALookup] ([LocalAuthorityCode], [LTLA_Name], [HPA_CD]) VALUES (N'E06000023', N'Bristol, City of', N'HB')
		INSERT [dbo].[NOIDSLALookup] ([LocalAuthorityCode], [LTLA_Name], [HPA_CD]) VALUES (N'E06000024', N'North Somerset', N'HC')
		INSERT [dbo].[NOIDSLALookup] ([LocalAuthorityCode], [LTLA_Name], [HPA_CD]) VALUES (N'E06000025', N'South Gloucestershire', N'HD')
		INSERT [dbo].[NOIDSLALookup] ([LocalAuthorityCode], [LTLA_Name], [HPA_CD]) VALUES (N'E06000026', N'Plymouth', N'HG')
		INSERT [dbo].[NOIDSLALookup] ([LocalAuthorityCode], [LTLA_Name], [HPA_CD]) VALUES (N'E06000027', N'Torbay', N'HH')
		INSERT [dbo].[NOIDSLALookup] ([LocalAuthorityCode], [LTLA_Name], [HPA_CD]) VALUES (N'E06000030', N'Swindon', N'HX')
		INSERT [dbo].[NOIDSLALookup] ([LocalAuthorityCode], [LTLA_Name], [HPA_CD]) VALUES (N'E06000031', N'Peterborough', N'JA')
		INSERT [dbo].[NOIDSLALookup] ([LocalAuthorityCode], [LTLA_Name], [HPA_CD]) VALUES (N'E06000032', N'Luton', N'KA')
		INSERT [dbo].[NOIDSLALookup] ([LocalAuthorityCode], [LTLA_Name], [HPA_CD]) VALUES (N'E06000033', N'Southend-on-Sea', N'KF')
		INSERT [dbo].[NOIDSLALookup] ([LocalAuthorityCode], [LTLA_Name], [HPA_CD]) VALUES (N'E06000034', N'Thurrock', N'KG')
		INSERT [dbo].[NOIDSLALookup] ([LocalAuthorityCode], [LTLA_Name], [HPA_CD]) VALUES (N'E06000035', N'Medway', N'LC')
		INSERT [dbo].[NOIDSLALookup] ([LocalAuthorityCode], [LTLA_Name], [HPA_CD]) VALUES (N'E06000036', N'Bracknell Forest', N'MA')
		INSERT [dbo].[NOIDSLALookup] ([LocalAuthorityCode], [LTLA_Name], [HPA_CD]) VALUES (N'E06000037', N'West Berkshire', N'MB')
		INSERT [dbo].[NOIDSLALookup] ([LocalAuthorityCode], [LTLA_Name], [HPA_CD]) VALUES (N'E06000038', N'Reading', N'MC')
		INSERT [dbo].[NOIDSLALookup] ([LocalAuthorityCode], [LTLA_Name], [HPA_CD]) VALUES (N'E06000039', N'Slough', N'MD')
		INSERT [dbo].[NOIDSLALookup] ([LocalAuthorityCode], [LTLA_Name], [HPA_CD]) VALUES (N'E06000040', N'Windsor and Maidenhead', N'ME')
		INSERT [dbo].[NOIDSLALookup] ([LocalAuthorityCode], [LTLA_Name], [HPA_CD]) VALUES (N'E06000041', N'Wokingham', N'MF')
		INSERT [dbo].[NOIDSLALookup] ([LocalAuthorityCode], [LTLA_Name], [HPA_CD]) VALUES (N'E06000042', N'Milton Keynes', N'MG')
		INSERT [dbo].[NOIDSLALookup] ([LocalAuthorityCode], [LTLA_Name], [HPA_CD]) VALUES (N'E06000043', N'Brighton and Hove', N'ML')
		INSERT [dbo].[NOIDSLALookup] ([LocalAuthorityCode], [LTLA_Name], [HPA_CD]) VALUES (N'E06000044', N'Portsmouth', N'MR')
		INSERT [dbo].[NOIDSLALookup] ([LocalAuthorityCode], [LTLA_Name], [HPA_CD]) VALUES (N'E06000045', N'Southampton', N'MS')
		INSERT [dbo].[NOIDSLALookup] ([LocalAuthorityCode], [LTLA_Name], [HPA_CD]) VALUES (N'E06000046', N'Isle of Wight', N'MW')
		INSERT [dbo].[NOIDSLALookup] ([LocalAuthorityCode], [LTLA_Name], [HPA_CD]) VALUES (N'E06000047', N'County Durham', N'EJ')
		INSERT [dbo].[NOIDSLALookup] ([LocalAuthorityCode], [LTLA_Name], [HPA_CD]) VALUES (N'E06000049', N'Cheshire East', N'EQ')
		INSERT [dbo].[NOIDSLALookup] ([LocalAuthorityCode], [LTLA_Name], [HPA_CD]) VALUES (N'E06000050', N'Cheshire West and Chester', N'EW')
		INSERT [dbo].[NOIDSLALookup] ([LocalAuthorityCode], [LTLA_Name], [HPA_CD]) VALUES (N'E06000051', N'Shropshire', N'GG')
		INSERT [dbo].[NOIDSLALookup] ([LocalAuthorityCode], [LTLA_Name], [HPA_CD]) VALUES (N'E06000052', N'Cornwall', N'HE')
		INSERT [dbo].[NOIDSLALookup] ([LocalAuthorityCode], [LTLA_Name], [HPA_CD]) VALUES (N'E06000053', N'Isles of Scilly', N'HF')
		INSERT [dbo].[NOIDSLALookup] ([LocalAuthorityCode], [LTLA_Name], [HPA_CD]) VALUES (N'E06000054', N'Wiltshire', N'HY')
		INSERT [dbo].[NOIDSLALookup] ([LocalAuthorityCode], [LTLA_Name], [HPA_CD]) VALUES (N'E06000055', N'Bedford', N'KB')
		INSERT [dbo].[NOIDSLALookup] ([LocalAuthorityCode], [LTLA_Name], [HPA_CD]) VALUES (N'E06000056', N'Central Bedfordshire', N'KC')
		INSERT [dbo].[NOIDSLALookup] ([LocalAuthorityCode], [LTLA_Name], [HPA_CD]) VALUES (N'E06000057', N'Northumberland', N'EM')
		INSERT [dbo].[NOIDSLALookup] ([LocalAuthorityCode], [LTLA_Name], [HPA_CD]) VALUES (N'E06000058', N'Bournemouth, Christchurch and Poole', N'19UC')
		INSERT [dbo].[NOIDSLALookup] ([LocalAuthorityCode], [LTLA_Name], [HPA_CD]) VALUES (N'E06000058', N'Bournemouth, Christchurch and Poole', N'HN')
		INSERT [dbo].[NOIDSLALookup] ([LocalAuthorityCode], [LTLA_Name], [HPA_CD]) VALUES (N'E06000058', N'Bournemouth, Christchurch and Poole', N'HP')
		INSERT [dbo].[NOIDSLALookup] ([LocalAuthorityCode], [LTLA_Name], [HPA_CD]) VALUES (N'E06000059', N'Dorset', N'19UD')
		INSERT [dbo].[NOIDSLALookup] ([LocalAuthorityCode], [LTLA_Name], [HPA_CD]) VALUES (N'E06000059', N'Dorset', N'19UE')
		INSERT [dbo].[NOIDSLALookup] ([LocalAuthorityCode], [LTLA_Name], [HPA_CD]) VALUES (N'E06000059', N'Dorset', N'19UG')
		INSERT [dbo].[NOIDSLALookup] ([LocalAuthorityCode], [LTLA_Name], [HPA_CD]) VALUES (N'E06000059', N'Dorset', N'19UH')
		INSERT [dbo].[NOIDSLALookup] ([LocalAuthorityCode], [LTLA_Name], [HPA_CD]) VALUES (N'E06000059', N'Dorset', N'19UJ')
		INSERT [dbo].[NOIDSLALookup] ([LocalAuthorityCode], [LTLA_Name], [HPA_CD]) VALUES (N'E06000060', N'Buckinghamshire', N'11UB')
		INSERT [dbo].[NOIDSLALookup] ([LocalAuthorityCode], [LTLA_Name], [HPA_CD]) VALUES (N'E06000060', N'Buckinghamshire', N'11UC')
		INSERT [dbo].[NOIDSLALookup] ([LocalAuthorityCode], [LTLA_Name], [HPA_CD]) VALUES (N'E06000060', N'Buckinghamshire', N'11UE')
		INSERT [dbo].[NOIDSLALookup] ([LocalAuthorityCode], [LTLA_Name], [HPA_CD]) VALUES (N'E06000060', N'Buckinghamshire', N'11UF')
		INSERT [dbo].[NOIDSLALookup] ([LocalAuthorityCode], [LTLA_Name], [HPA_CD]) VALUES (N'E06000061', N'North Northamptonshire', N'34UB')
		INSERT [dbo].[NOIDSLALookup] ([LocalAuthorityCode], [LTLA_Name], [HPA_CD]) VALUES (N'E06000061', N'North Northamptonshire', N'34UD')
		INSERT [dbo].[NOIDSLALookup] ([LocalAuthorityCode], [LTLA_Name], [HPA_CD]) VALUES (N'E06000061', N'North Northamptonshire', N'34UE')
		INSERT [dbo].[NOIDSLALookup] ([LocalAuthorityCode], [LTLA_Name], [HPA_CD]) VALUES (N'E06000061', N'North Northamptonshire', N'34UH')
		INSERT [dbo].[NOIDSLALookup] ([LocalAuthorityCode], [LTLA_Name], [HPA_CD]) VALUES (N'E06000062', N'West Northamptonshire', N'34UC')
		INSERT [dbo].[NOIDSLALookup] ([LocalAuthorityCode], [LTLA_Name], [HPA_CD]) VALUES (N'E06000062', N'West Northamptonshire', N'34UF')
		INSERT [dbo].[NOIDSLALookup] ([LocalAuthorityCode], [LTLA_Name], [HPA_CD]) VALUES (N'E06000062', N'West Northamptonshire', N'34UG')
		INSERT [dbo].[NOIDSLALookup] ([LocalAuthorityCode], [LTLA_Name], [HPA_CD]) VALUES (N'E07000008', N'Cambridge', N'12UB')
		INSERT [dbo].[NOIDSLALookup] ([LocalAuthorityCode], [LTLA_Name], [HPA_CD]) VALUES (N'E07000009', N'East Cambridgeshire', N'12UC')
		INSERT [dbo].[NOIDSLALookup] ([LocalAuthorityCode], [LTLA_Name], [HPA_CD]) VALUES (N'E07000010', N'Fenland', N'12UD')
		INSERT [dbo].[NOIDSLALookup] ([LocalAuthorityCode], [LTLA_Name], [HPA_CD]) VALUES (N'E07000011', N'Huntingdonshire', N'12UE')
		INSERT [dbo].[NOIDSLALookup] ([LocalAuthorityCode], [LTLA_Name], [HPA_CD]) VALUES (N'E07000012', N'South Cambridgeshire', N'12UG')
		INSERT [dbo].[NOIDSLALookup] ([LocalAuthorityCode], [LTLA_Name], [HPA_CD]) VALUES (N'E07000026', N'Allerdale', N'16UB')
		INSERT [dbo].[NOIDSLALookup] ([LocalAuthorityCode], [LTLA_Name], [HPA_CD]) VALUES (N'E07000027', N'Barrow-in-Furness', N'16UC')
		INSERT [dbo].[NOIDSLALookup] ([LocalAuthorityCode], [LTLA_Name], [HPA_CD]) VALUES (N'E07000028', N'Carlisle', N'16UD')
		INSERT [dbo].[NOIDSLALookup] ([LocalAuthorityCode], [LTLA_Name], [HPA_CD]) VALUES (N'E07000029', N'Copeland', N'16UE')
		INSERT [dbo].[NOIDSLALookup] ([LocalAuthorityCode], [LTLA_Name], [HPA_CD]) VALUES (N'E07000030', N'Eden', N'16UF')
		INSERT [dbo].[NOIDSLALookup] ([LocalAuthorityCode], [LTLA_Name], [HPA_CD]) VALUES (N'E07000031', N'South Lakeland', N'16UG')
		INSERT [dbo].[NOIDSLALookup] ([LocalAuthorityCode], [LTLA_Name], [HPA_CD]) VALUES (N'E07000032', N'Amber Valley', N'17UB')
		INSERT [dbo].[NOIDSLALookup] ([LocalAuthorityCode], [LTLA_Name], [HPA_CD]) VALUES (N'E07000033', N'Bolsover', N'17UC')
		INSERT [dbo].[NOIDSLALookup] ([LocalAuthorityCode], [LTLA_Name], [HPA_CD]) VALUES (N'E07000034', N'Chesterfield', N'17UD')
		INSERT [dbo].[NOIDSLALookup] ([LocalAuthorityCode], [LTLA_Name], [HPA_CD]) VALUES (N'E07000035', N'Derbyshire Dales', N'17UF')
		INSERT [dbo].[NOIDSLALookup] ([LocalAuthorityCode], [LTLA_Name], [HPA_CD]) VALUES (N'E07000036', N'Erewash', N'17UG')
		INSERT [dbo].[NOIDSLALookup] ([LocalAuthorityCode], [LTLA_Name], [HPA_CD]) VALUES (N'E07000037', N'High Peak', N'17UH')
		INSERT [dbo].[NOIDSLALookup] ([LocalAuthorityCode], [LTLA_Name], [HPA_CD]) VALUES (N'E07000038', N'North East Derbyshire', N'17UJ')
		INSERT [dbo].[NOIDSLALookup] ([LocalAuthorityCode], [LTLA_Name], [HPA_CD]) VALUES (N'E07000039', N'South Derbyshire', N'17UK')
		INSERT [dbo].[NOIDSLALookup] ([LocalAuthorityCode], [LTLA_Name], [HPA_CD]) VALUES (N'E07000040', N'East Devon', N'18UB')
		INSERT [dbo].[NOIDSLALookup] ([LocalAuthorityCode], [LTLA_Name], [HPA_CD]) VALUES (N'E07000041', N'Exeter', N'18UC')
		INSERT [dbo].[NOIDSLALookup] ([LocalAuthorityCode], [LTLA_Name], [HPA_CD]) VALUES (N'E07000042', N'Mid Devon', N'18UD')
		INSERT [dbo].[NOIDSLALookup] ([LocalAuthorityCode], [LTLA_Name], [HPA_CD]) VALUES (N'E07000043', N'North Devon', N'18UE')
		INSERT [dbo].[NOIDSLALookup] ([LocalAuthorityCode], [LTLA_Name], [HPA_CD]) VALUES (N'E07000044', N'South Hams', N'18UG')
		INSERT [dbo].[NOIDSLALookup] ([LocalAuthorityCode], [LTLA_Name], [HPA_CD]) VALUES (N'E07000045', N'Teignbridge', N'18UH')
		INSERT [dbo].[NOIDSLALookup] ([LocalAuthorityCode], [LTLA_Name], [HPA_CD]) VALUES (N'E07000046', N'Torridge', N'18UK')
		INSERT [dbo].[NOIDSLALookup] ([LocalAuthorityCode], [LTLA_Name], [HPA_CD]) VALUES (N'E07000047', N'West Devon', N'18UL')
		INSERT [dbo].[NOIDSLALookup] ([LocalAuthorityCode], [LTLA_Name], [HPA_CD]) VALUES (N'E07000061', N'Eastbourne', N'21UC')
		INSERT [dbo].[NOIDSLALookup] ([LocalAuthorityCode], [LTLA_Name], [HPA_CD]) VALUES (N'E07000062', N'Hastings', N'21UD')
		INSERT [dbo].[NOIDSLALookup] ([LocalAuthorityCode], [LTLA_Name], [HPA_CD]) VALUES (N'E07000063', N'Lewes', N'21UF')
		INSERT [dbo].[NOIDSLALookup] ([LocalAuthorityCode], [LTLA_Name], [HPA_CD]) VALUES (N'E07000064', N'Rother', N'21UG')
		INSERT [dbo].[NOIDSLALookup] ([LocalAuthorityCode], [LTLA_Name], [HPA_CD]) VALUES (N'E07000065', N'Wealden', N'21UH')
		INSERT [dbo].[NOIDSLALookup] ([LocalAuthorityCode], [LTLA_Name], [HPA_CD]) VALUES (N'E07000066', N'Basildon', N'22UB')
		INSERT [dbo].[NOIDSLALookup] ([LocalAuthorityCode], [LTLA_Name], [HPA_CD]) VALUES (N'E07000067', N'Braintree', N'22UC')
		INSERT [dbo].[NOIDSLALookup] ([LocalAuthorityCode], [LTLA_Name], [HPA_CD]) VALUES (N'E07000068', N'Brentwood', N'22UD')
		INSERT [dbo].[NOIDSLALookup] ([LocalAuthorityCode], [LTLA_Name], [HPA_CD]) VALUES (N'E07000069', N'Castle Point', N'22UE')
		INSERT [dbo].[NOIDSLALookup] ([LocalAuthorityCode], [LTLA_Name], [HPA_CD]) VALUES (N'E07000070', N'Chelmsford', N'22UF')
		INSERT [dbo].[NOIDSLALookup] ([LocalAuthorityCode], [LTLA_Name], [HPA_CD]) VALUES (N'E07000071', N'Colchester', N'22UG')
		INSERT [dbo].[NOIDSLALookup] ([LocalAuthorityCode], [LTLA_Name], [HPA_CD]) VALUES (N'E07000072', N'Epping Forest', N'22UH')
		INSERT [dbo].[NOIDSLALookup] ([LocalAuthorityCode], [LTLA_Name], [HPA_CD]) VALUES (N'E07000073', N'Harlow', N'22UJ')
		INSERT [dbo].[NOIDSLALookup] ([LocalAuthorityCode], [LTLA_Name], [HPA_CD]) VALUES (N'E07000074', N'Maldon', N'22UK')
		INSERT [dbo].[NOIDSLALookup] ([LocalAuthorityCode], [LTLA_Name], [HPA_CD]) VALUES (N'E07000075', N'Rochford', N'22UL')
		INSERT [dbo].[NOIDSLALookup] ([LocalAuthorityCode], [LTLA_Name], [HPA_CD]) VALUES (N'E07000076', N'Tendring', N'22UN')
		INSERT [dbo].[NOIDSLALookup] ([LocalAuthorityCode], [LTLA_Name], [HPA_CD]) VALUES (N'E07000077', N'Uttlesford', N'22UQ')
		INSERT [dbo].[NOIDSLALookup] ([LocalAuthorityCode], [LTLA_Name], [HPA_CD]) VALUES (N'E07000078', N'Cheltenham', N'23UB')
		INSERT [dbo].[NOIDSLALookup] ([LocalAuthorityCode], [LTLA_Name], [HPA_CD]) VALUES (N'E07000079', N'Cotswold', N'23UC')
		INSERT [dbo].[NOIDSLALookup] ([LocalAuthorityCode], [LTLA_Name], [HPA_CD]) VALUES (N'E07000080', N'Forest of Dean', N'23UD')
		INSERT [dbo].[NOIDSLALookup] ([LocalAuthorityCode], [LTLA_Name], [HPA_CD]) VALUES (N'E07000081', N'Gloucester', N'23UE')
		INSERT [dbo].[NOIDSLALookup] ([LocalAuthorityCode], [LTLA_Name], [HPA_CD]) VALUES (N'E07000082', N'Stroud', N'23UF')
		INSERT [dbo].[NOIDSLALookup] ([LocalAuthorityCode], [LTLA_Name], [HPA_CD]) VALUES (N'E07000083', N'Tewkesbury', N'23UG')
		INSERT [dbo].[NOIDSLALookup] ([LocalAuthorityCode], [LTLA_Name], [HPA_CD]) VALUES (N'E07000084', N'Basingstoke and Deane', N'24UB')
		INSERT [dbo].[NOIDSLALookup] ([LocalAuthorityCode], [LTLA_Name], [HPA_CD]) VALUES (N'E07000085', N'East Hampshire', N'24UC')
		INSERT [dbo].[NOIDSLALookup] ([LocalAuthorityCode], [LTLA_Name], [HPA_CD]) VALUES (N'E07000086', N'Eastleigh', N'24UD')
		INSERT [dbo].[NOIDSLALookup] ([LocalAuthorityCode], [LTLA_Name], [HPA_CD]) VALUES (N'E07000087', N'Fareham', N'24UE')
		INSERT [dbo].[NOIDSLALookup] ([LocalAuthorityCode], [LTLA_Name], [HPA_CD]) VALUES (N'E07000088', N'sport', N'24UF')
		INSERT [dbo].[NOIDSLALookup] ([LocalAuthorityCode], [LTLA_Name], [HPA_CD]) VALUES (N'E07000089', N'Hart', N'24UG')
		INSERT [dbo].[NOIDSLALookup] ([LocalAuthorityCode], [LTLA_Name], [HPA_CD]) VALUES (N'E07000090', N'Havant', N'24UH')
		INSERT [dbo].[NOIDSLALookup] ([LocalAuthorityCode], [LTLA_Name], [HPA_CD]) VALUES (N'E07000091', N'New Forest', N'24UJ')
		INSERT [dbo].[NOIDSLALookup] ([LocalAuthorityCode], [LTLA_Name], [HPA_CD]) VALUES (N'E07000092', N'Rushmoor', N'24UL')
		INSERT [dbo].[NOIDSLALookup] ([LocalAuthorityCode], [LTLA_Name], [HPA_CD]) VALUES (N'E07000093', N'Test Valley', N'24UN')
		INSERT [dbo].[NOIDSLALookup] ([LocalAuthorityCode], [LTLA_Name], [HPA_CD]) VALUES (N'E07000094', N'Winchester', N'24UP')
		INSERT [dbo].[NOIDSLALookup] ([LocalAuthorityCode], [LTLA_Name], [HPA_CD]) VALUES (N'E07000095', N'Broxbourne', N'26UB')
		INSERT [dbo].[NOIDSLALookup] ([LocalAuthorityCode], [LTLA_Name], [HPA_CD]) VALUES (N'E07000096', N'Dacorum', N'26UC')
		INSERT [dbo].[NOIDSLALookup] ([LocalAuthorityCode], [LTLA_Name], [HPA_CD]) VALUES (N'E07000098', N'Hertsmere', N'26UE')
		INSERT [dbo].[NOIDSLALookup] ([LocalAuthorityCode], [LTLA_Name], [HPA_CD]) VALUES (N'E07000099', N'North Hertfordshire', N'26UF')
		INSERT [dbo].[NOIDSLALookup] ([LocalAuthorityCode], [LTLA_Name], [HPA_CD]) VALUES (N'E07000102', N'Three Rivers', N'26UJ')
		INSERT [dbo].[NOIDSLALookup] ([LocalAuthorityCode], [LTLA_Name], [HPA_CD]) VALUES (N'E07000103', N'Watford', N'26UK')
		INSERT [dbo].[NOIDSLALookup] ([LocalAuthorityCode], [LTLA_Name], [HPA_CD]) VALUES (N'E07000105', N'Ashford', N'29UB')
		INSERT [dbo].[NOIDSLALookup] ([LocalAuthorityCode], [LTLA_Name], [HPA_CD]) VALUES (N'E07000106', N'Canterbury', N'29UC')
		INSERT [dbo].[NOIDSLALookup] ([LocalAuthorityCode], [LTLA_Name], [HPA_CD]) VALUES (N'E07000107', N'Dartford', N'29UD')
		INSERT [dbo].[NOIDSLALookup] ([LocalAuthorityCode], [LTLA_Name], [HPA_CD]) VALUES (N'E07000108', N'Dover', N'29UE')
		INSERT [dbo].[NOIDSLALookup] ([LocalAuthorityCode], [LTLA_Name], [HPA_CD]) VALUES (N'E07000109', N'Gravesham', N'29UG')
		INSERT [dbo].[NOIDSLALookup] ([LocalAuthorityCode], [LTLA_Name], [HPA_CD]) VALUES (N'E07000110', N'Maidstone', N'29UH')
		INSERT [dbo].[NOIDSLALookup] ([LocalAuthorityCode], [LTLA_Name], [HPA_CD]) VALUES (N'E07000111', N'Sevenoaks', N'29UK')
		INSERT [dbo].[NOIDSLALookup] ([LocalAuthorityCode], [LTLA_Name], [HPA_CD]) VALUES (N'E07000112', N'Folkestone and Hythe', N'29UL')
		INSERT [dbo].[NOIDSLALookup] ([LocalAuthorityCode], [LTLA_Name], [HPA_CD]) VALUES (N'E07000113', N'Swale', N'29UM')
		INSERT [dbo].[NOIDSLALookup] ([LocalAuthorityCode], [LTLA_Name], [HPA_CD]) VALUES (N'E07000114', N'Thanet', N'29UN')
		INSERT [dbo].[NOIDSLALookup] ([LocalAuthorityCode], [LTLA_Name], [HPA_CD]) VALUES (N'E07000115', N'Tonbridge and Malling', N'29UP')
		INSERT [dbo].[NOIDSLALookup] ([LocalAuthorityCode], [LTLA_Name], [HPA_CD]) VALUES (N'E07000116', N'Tunbridge Wells', N'29UQ')
		INSERT [dbo].[NOIDSLALookup] ([LocalAuthorityCode], [LTLA_Name], [HPA_CD]) VALUES (N'E07000117', N'Burnley', N'30UD')
		INSERT [dbo].[NOIDSLALookup] ([LocalAuthorityCode], [LTLA_Name], [HPA_CD]) VALUES (N'E07000118', N'Chorley', N'30UE')
		INSERT [dbo].[NOIDSLALookup] ([LocalAuthorityCode], [LTLA_Name], [HPA_CD]) VALUES (N'E07000119', N'Fylde', N'30UF')
		INSERT [dbo].[NOIDSLALookup] ([LocalAuthorityCode], [LTLA_Name], [HPA_CD]) VALUES (N'E07000120', N'Hyndburn', N'30UG')
		INSERT [dbo].[NOIDSLALookup] ([LocalAuthorityCode], [LTLA_Name], [HPA_CD]) VALUES (N'E07000121', N'Lancaster', N'30UH')
		INSERT [dbo].[NOIDSLALookup] ([LocalAuthorityCode], [LTLA_Name], [HPA_CD]) VALUES (N'E07000122', N'Pendle', N'30UJ')
		INSERT [dbo].[NOIDSLALookup] ([LocalAuthorityCode], [LTLA_Name], [HPA_CD]) VALUES (N'E07000123', N'Preston', N'30UK')
		INSERT [dbo].[NOIDSLALookup] ([LocalAuthorityCode], [LTLA_Name], [HPA_CD]) VALUES (N'E07000124', N'Ribble Valley', N'30UL')
		INSERT [dbo].[NOIDSLALookup] ([LocalAuthorityCode], [LTLA_Name], [HPA_CD]) VALUES (N'E07000125', N'Rossendale', N'30UM')
		INSERT [dbo].[NOIDSLALookup] ([LocalAuthorityCode], [LTLA_Name], [HPA_CD]) VALUES (N'E07000126', N'South Ribble', N'30UN')
		INSERT [dbo].[NOIDSLALookup] ([LocalAuthorityCode], [LTLA_Name], [HPA_CD]) VALUES (N'E07000127', N'West Lancashire', N'30UP')
		INSERT [dbo].[NOIDSLALookup] ([LocalAuthorityCode], [LTLA_Name], [HPA_CD]) VALUES (N'E07000128', N'Wyre', N'30UQ')
		INSERT [dbo].[NOIDSLALookup] ([LocalAuthorityCode], [LTLA_Name], [HPA_CD]) VALUES (N'E07000129', N'Blaby', N'31UB')
		INSERT [dbo].[NOIDSLALookup] ([LocalAuthorityCode], [LTLA_Name], [HPA_CD]) VALUES (N'E07000130', N'Charnwood', N'31UC')
		INSERT [dbo].[NOIDSLALookup] ([LocalAuthorityCode], [LTLA_Name], [HPA_CD]) VALUES (N'E07000131', N'Harborough', N'31UD')
		INSERT [dbo].[NOIDSLALookup] ([LocalAuthorityCode], [LTLA_Name], [HPA_CD]) VALUES (N'E07000132', N'Hinckley and Bosworth', N'31UE')
		INSERT [dbo].[NOIDSLALookup] ([LocalAuthorityCode], [LTLA_Name], [HPA_CD]) VALUES (N'E07000133', N'Melton', N'31UG')
		INSERT [dbo].[NOIDSLALookup] ([LocalAuthorityCode], [LTLA_Name], [HPA_CD]) VALUES (N'E07000134', N'North West Leicestershire', N'31UH')
		INSERT [dbo].[NOIDSLALookup] ([LocalAuthorityCode], [LTLA_Name], [HPA_CD]) VALUES (N'E07000135', N'Oadby and Wigston', N'31UJ')
		INSERT [dbo].[NOIDSLALookup] ([LocalAuthorityCode], [LTLA_Name], [HPA_CD]) VALUES (N'E07000136', N'Boston', N'32UB')
		INSERT [dbo].[NOIDSLALookup] ([LocalAuthorityCode], [LTLA_Name], [HPA_CD]) VALUES (N'E07000137', N'East Lindsey', N'32UC')
		INSERT [dbo].[NOIDSLALookup] ([LocalAuthorityCode], [LTLA_Name], [HPA_CD]) VALUES (N'E07000138', N'Lincoln', N'32UD')
		INSERT [dbo].[NOIDSLALookup] ([LocalAuthorityCode], [LTLA_Name], [HPA_CD]) VALUES (N'E07000139', N'North Kesteven', N'32UE')
		INSERT [dbo].[NOIDSLALookup] ([LocalAuthorityCode], [LTLA_Name], [HPA_CD]) VALUES (N'E07000140', N'South Holland', N'32UF')
		INSERT [dbo].[NOIDSLALookup] ([LocalAuthorityCode], [LTLA_Name], [HPA_CD]) VALUES (N'E07000141', N'South Kesteven', N'32UG')
		INSERT [dbo].[NOIDSLALookup] ([LocalAuthorityCode], [LTLA_Name], [HPA_CD]) VALUES (N'E07000142', N'West Lindsey', N'32UH')
		INSERT [dbo].[NOIDSLALookup] ([LocalAuthorityCode], [LTLA_Name], [HPA_CD]) VALUES (N'E07000143', N'Breckland', N'33UB')
		INSERT [dbo].[NOIDSLALookup] ([LocalAuthorityCode], [LTLA_Name], [HPA_CD]) VALUES (N'E07000144', N'Broadland', N'33UC')
		INSERT [dbo].[NOIDSLALookup] ([LocalAuthorityCode], [LTLA_Name], [HPA_CD]) VALUES (N'E07000145', N'Great Yarmouth', N'33UD')
		INSERT [dbo].[NOIDSLALookup] ([LocalAuthorityCode], [LTLA_Name], [HPA_CD]) VALUES (N'E07000146', N'King''s Lynn and West Norfolk', N'33UE')
		INSERT [dbo].[NOIDSLALookup] ([LocalAuthorityCode], [LTLA_Name], [HPA_CD]) VALUES (N'E07000147', N'North Norfolk', N'33UF')
		INSERT [dbo].[NOIDSLALookup] ([LocalAuthorityCode], [LTLA_Name], [HPA_CD]) VALUES (N'E07000148', N'Norwich', N'33UG')
		INSERT [dbo].[NOIDSLALookup] ([LocalAuthorityCode], [LTLA_Name], [HPA_CD]) VALUES (N'E07000149', N'South Norfolk', N'33UH')
		INSERT [dbo].[NOIDSLALookup] ([LocalAuthorityCode], [LTLA_Name], [HPA_CD]) VALUES (N'E07000163', N'Craven', N'36UB')
		INSERT [dbo].[NOIDSLALookup] ([LocalAuthorityCode], [LTLA_Name], [HPA_CD]) VALUES (N'E07000164', N'Hambleton', N'36UC')
		INSERT [dbo].[NOIDSLALookup] ([LocalAuthorityCode], [LTLA_Name], [HPA_CD]) VALUES (N'E07000165', N'Harrogate', N'36UD')
		INSERT [dbo].[NOIDSLALookup] ([LocalAuthorityCode], [LTLA_Name], [HPA_CD]) VALUES (N'E07000166', N'Richmondshire', N'36UE')
		INSERT [dbo].[NOIDSLALookup] ([LocalAuthorityCode], [LTLA_Name], [HPA_CD]) VALUES (N'E07000167', N'Ryedale', N'36UF')
		INSERT [dbo].[NOIDSLALookup] ([LocalAuthorityCode], [LTLA_Name], [HPA_CD]) VALUES (N'E07000168', N'Scarborough', N'36UG')
		INSERT [dbo].[NOIDSLALookup] ([LocalAuthorityCode], [LTLA_Name], [HPA_CD]) VALUES (N'E07000169', N'Selby', N'36UH')
		INSERT [dbo].[NOIDSLALookup] ([LocalAuthorityCode], [LTLA_Name], [HPA_CD]) VALUES (N'E07000170', N'Ashfield', N'37UB')
		INSERT [dbo].[NOIDSLALookup] ([LocalAuthorityCode], [LTLA_Name], [HPA_CD]) VALUES (N'E07000171', N'Bassetlaw', N'37UC')
		INSERT [dbo].[NOIDSLALookup] ([LocalAuthorityCode], [LTLA_Name], [HPA_CD]) VALUES (N'E07000172', N'Broxtowe', N'37UD')
		INSERT [dbo].[NOIDSLALookup] ([LocalAuthorityCode], [LTLA_Name], [HPA_CD]) VALUES (N'E07000173', N'Gedling', N'37UE')
		INSERT [dbo].[NOIDSLALookup] ([LocalAuthorityCode], [LTLA_Name], [HPA_CD]) VALUES (N'E07000174', N'Mansfield', N'37UF')
		INSERT [dbo].[NOIDSLALookup] ([LocalAuthorityCode], [LTLA_Name], [HPA_CD]) VALUES (N'E07000175', N'Newark and Sherwood', N'37UG')
		INSERT [dbo].[NOIDSLALookup] ([LocalAuthorityCode], [LTLA_Name], [HPA_CD]) VALUES (N'E07000176', N'Rushcliffe', N'37UJ')
		INSERT [dbo].[NOIDSLALookup] ([LocalAuthorityCode], [LTLA_Name], [HPA_CD]) VALUES (N'E07000177', N'Cherwell', N'38UB')
		INSERT [dbo].[NOIDSLALookup] ([LocalAuthorityCode], [LTLA_Name], [HPA_CD]) VALUES (N'E07000178', N'Oxford', N'38UC')
		INSERT [dbo].[NOIDSLALookup] ([LocalAuthorityCode], [LTLA_Name], [HPA_CD]) VALUES (N'E07000179', N'South Oxfordshire', N'38UD')
		INSERT [dbo].[NOIDSLALookup] ([LocalAuthorityCode], [LTLA_Name], [HPA_CD]) VALUES (N'E07000180', N'Vale of White Horse', N'38UE')
		INSERT [dbo].[NOIDSLALookup] ([LocalAuthorityCode], [LTLA_Name], [HPA_CD]) VALUES (N'E07000181', N'West Oxfordshire', N'38UF')
		INSERT [dbo].[NOIDSLALookup] ([LocalAuthorityCode], [LTLA_Name], [HPA_CD]) VALUES (N'E07000187', N'Mendip', N'40UB')
		INSERT [dbo].[NOIDSLALookup] ([LocalAuthorityCode], [LTLA_Name], [HPA_CD]) VALUES (N'E07000188', N'Sedgemoor', N'40UC')
		INSERT [dbo].[NOIDSLALookup] ([LocalAuthorityCode], [LTLA_Name], [HPA_CD]) VALUES (N'E07000189', N'South Somerset', N'40UD')
		INSERT [dbo].[NOIDSLALookup] ([LocalAuthorityCode], [LTLA_Name], [HPA_CD]) VALUES (N'E07000192', N'Cannock Chase', N'41UB')
		INSERT [dbo].[NOIDSLALookup] ([LocalAuthorityCode], [LTLA_Name], [HPA_CD]) VALUES (N'E07000193', N'East Staffordshire', N'41UC')
		INSERT [dbo].[NOIDSLALookup] ([LocalAuthorityCode], [LTLA_Name], [HPA_CD]) VALUES (N'E07000194', N'Lichfield', N'41UD')
		INSERT [dbo].[NOIDSLALookup] ([LocalAuthorityCode], [LTLA_Name], [HPA_CD]) VALUES (N'E07000195', N'Newcastle-under-Lyme', N'41UE')
		INSERT [dbo].[NOIDSLALookup] ([LocalAuthorityCode], [LTLA_Name], [HPA_CD]) VALUES (N'E07000196', N'South Staffordshire', N'41UF')
		INSERT [dbo].[NOIDSLALookup] ([LocalAuthorityCode], [LTLA_Name], [HPA_CD]) VALUES (N'E07000197', N'Stafford', N'41UG')
		INSERT [dbo].[NOIDSLALookup] ([LocalAuthorityCode], [LTLA_Name], [HPA_CD]) VALUES (N'E07000198', N'Staffordshire Moorlands', N'41UH')
		INSERT [dbo].[NOIDSLALookup] ([LocalAuthorityCode], [LTLA_Name], [HPA_CD]) VALUES (N'E07000199', N'Tamworth', N'41UK')
		INSERT [dbo].[NOIDSLALookup] ([LocalAuthorityCode], [LTLA_Name], [HPA_CD]) VALUES (N'E07000200', N'Babergh', N'42UB')
		INSERT [dbo].[NOIDSLALookup] ([LocalAuthorityCode], [LTLA_Name], [HPA_CD]) VALUES (N'E07000202', N'Ipswich', N'42UD')
		INSERT [dbo].[NOIDSLALookup] ([LocalAuthorityCode], [LTLA_Name], [HPA_CD]) VALUES (N'E07000203', N'Mid Suffolk', N'42UE')
		INSERT [dbo].[NOIDSLALookup] ([LocalAuthorityCode], [LTLA_Name], [HPA_CD]) VALUES (N'E07000207', N'Elmbridge', N'43UB')
		INSERT [dbo].[NOIDSLALookup] ([LocalAuthorityCode], [LTLA_Name], [HPA_CD]) VALUES (N'E07000208', N'Epsom and Ewell', N'43UC')
		INSERT [dbo].[NOIDSLALookup] ([LocalAuthorityCode], [LTLA_Name], [HPA_CD]) VALUES (N'E07000209', N'Guildford', N'43UD')
		INSERT [dbo].[NOIDSLALookup] ([LocalAuthorityCode], [LTLA_Name], [HPA_CD]) VALUES (N'E07000210', N'Mole Valley', N'43UE')
		INSERT [dbo].[NOIDSLALookup] ([LocalAuthorityCode], [LTLA_Name], [HPA_CD]) VALUES (N'E07000211', N'Reigate and Banstead', N'43UF')
		INSERT [dbo].[NOIDSLALookup] ([LocalAuthorityCode], [LTLA_Name], [HPA_CD]) VALUES (N'E07000212', N'Runnymede', N'43UG')
		INSERT [dbo].[NOIDSLALookup] ([LocalAuthorityCode], [LTLA_Name], [HPA_CD]) VALUES (N'E07000213', N'Spelthorne', N'43UH')
		INSERT [dbo].[NOIDSLALookup] ([LocalAuthorityCode], [LTLA_Name], [HPA_CD]) VALUES (N'E07000214', N'Surrey Heath', N'43UJ')
		INSERT [dbo].[NOIDSLALookup] ([LocalAuthorityCode], [LTLA_Name], [HPA_CD]) VALUES (N'E07000215', N'Tandridge', N'43UK')
		INSERT [dbo].[NOIDSLALookup] ([LocalAuthorityCode], [LTLA_Name], [HPA_CD]) VALUES (N'E07000216', N'Waverley', N'43UL')
		INSERT [dbo].[NOIDSLALookup] ([LocalAuthorityCode], [LTLA_Name], [HPA_CD]) VALUES (N'E07000217', N'Woking', N'43UM')
		INSERT [dbo].[NOIDSLALookup] ([LocalAuthorityCode], [LTLA_Name], [HPA_CD]) VALUES (N'E07000218', N'North Warwickshire', N'44UB')
		INSERT [dbo].[NOIDSLALookup] ([LocalAuthorityCode], [LTLA_Name], [HPA_CD]) VALUES (N'E07000219', N'Nuneaton and Bedworth', N'44UC')
		INSERT [dbo].[NOIDSLALookup] ([LocalAuthorityCode], [LTLA_Name], [HPA_CD]) VALUES (N'E07000220', N'Rugby', N'44UD')
		INSERT [dbo].[NOIDSLALookup] ([LocalAuthorityCode], [LTLA_Name], [HPA_CD]) VALUES (N'E07000221', N'Stratford-on-Avon', N'44UE')
		INSERT [dbo].[NOIDSLALookup] ([LocalAuthorityCode], [LTLA_Name], [HPA_CD]) VALUES (N'E07000222', N'Warwick', N'44UF')
		INSERT [dbo].[NOIDSLALookup] ([LocalAuthorityCode], [LTLA_Name], [HPA_CD]) VALUES (N'E07000223', N'Adur', N'45UB')
		INSERT [dbo].[NOIDSLALookup] ([LocalAuthorityCode], [LTLA_Name], [HPA_CD]) VALUES (N'E07000224', N'Arun', N'45UC')
		INSERT [dbo].[NOIDSLALookup] ([LocalAuthorityCode], [LTLA_Name], [HPA_CD]) VALUES (N'E07000225', N'Chichester', N'45UD')
		INSERT [dbo].[NOIDSLALookup] ([LocalAuthorityCode], [LTLA_Name], [HPA_CD]) VALUES (N'E07000226', N'Crawley', N'45UE')
		INSERT [dbo].[NOIDSLALookup] ([LocalAuthorityCode], [LTLA_Name], [HPA_CD]) VALUES (N'E07000227', N'Horsham', N'45UF')
		INSERT [dbo].[NOIDSLALookup] ([LocalAuthorityCode], [LTLA_Name], [HPA_CD]) VALUES (N'E07000228', N'Mid Sussex', N'45UG')
		INSERT [dbo].[NOIDSLALookup] ([LocalAuthorityCode], [LTLA_Name], [HPA_CD]) VALUES (N'E07000229', N'Worthing', N'45UH')
		INSERT [dbo].[NOIDSLALookup] ([LocalAuthorityCode], [LTLA_Name], [HPA_CD]) VALUES (N'E07000234', N'Bromsgrove', N'25UB')
		INSERT [dbo].[NOIDSLALookup] ([LocalAuthorityCode], [LTLA_Name], [HPA_CD]) VALUES (N'E07000235', N'Malvern Hills', N'25UE')
		INSERT [dbo].[NOIDSLALookup] ([LocalAuthorityCode], [LTLA_Name], [HPA_CD]) VALUES (N'E07000236', N'Redditch', N'25UF')
		INSERT [dbo].[NOIDSLALookup] ([LocalAuthorityCode], [LTLA_Name], [HPA_CD]) VALUES (N'E07000237', N'Worcester', N'25UH')
		INSERT [dbo].[NOIDSLALookup] ([LocalAuthorityCode], [LTLA_Name], [HPA_CD]) VALUES (N'E07000238', N'Wychavon', N'25UJ')
		INSERT [dbo].[NOIDSLALookup] ([LocalAuthorityCode], [LTLA_Name], [HPA_CD]) VALUES (N'E07000239', N'Wyre Forest', N'25UK')
		INSERT [dbo].[NOIDSLALookup] ([LocalAuthorityCode], [LTLA_Name], [HPA_CD]) VALUES (N'E07000240', N'St Albans', N'26UG')
		INSERT [dbo].[NOIDSLALookup] ([LocalAuthorityCode], [LTLA_Name], [HPA_CD]) VALUES (N'E07000241', N'Welwyn Hatfield', N'26UL')
		INSERT [dbo].[NOIDSLALookup] ([LocalAuthorityCode], [LTLA_Name], [HPA_CD]) VALUES (N'E07000242', N'East Hertfordshire', N'26UD')
		INSERT [dbo].[NOIDSLALookup] ([LocalAuthorityCode], [LTLA_Name], [HPA_CD]) VALUES (N'E07000243', N'Stevenage', N'26UH')
		INSERT [dbo].[NOIDSLALookup] ([LocalAuthorityCode], [LTLA_Name], [HPA_CD]) VALUES (N'E07000244', N'East Suffolk', N'42UG')
		INSERT [dbo].[NOIDSLALookup] ([LocalAuthorityCode], [LTLA_Name], [HPA_CD]) VALUES (N'E07000244', N'East Suffolk', N'42UH')
		INSERT [dbo].[NOIDSLALookup] ([LocalAuthorityCode], [LTLA_Name], [HPA_CD]) VALUES (N'E07000245', N'West Suffolk', N'42UC')
		INSERT [dbo].[NOIDSLALookup] ([LocalAuthorityCode], [LTLA_Name], [HPA_CD]) VALUES (N'E07000245', N'West Suffolk', N'42UF')
		INSERT [dbo].[NOIDSLALookup] ([LocalAuthorityCode], [LTLA_Name], [HPA_CD]) VALUES (N'E07000246', N'Somerset West and Taunton', N'40UE')
		INSERT [dbo].[NOIDSLALookup] ([LocalAuthorityCode], [LTLA_Name], [HPA_CD]) VALUES (N'E07000246', N'Somerset West and Taunton', N'40UF')
		INSERT [dbo].[NOIDSLALookup] ([LocalAuthorityCode], [LTLA_Name], [HPA_CD]) VALUES (N'E08000001', N'Bolton', N'02BL')
		INSERT [dbo].[NOIDSLALookup] ([LocalAuthorityCode], [LTLA_Name], [HPA_CD]) VALUES (N'E08000002', N'Bury', N'02BM')
		INSERT [dbo].[NOIDSLALookup] ([LocalAuthorityCode], [LTLA_Name], [HPA_CD]) VALUES (N'E08000003', N'Manchester', N'02BN')
		INSERT [dbo].[NOIDSLALookup] ([LocalAuthorityCode], [LTLA_Name], [HPA_CD]) VALUES (N'E08000004', N'Oldham', N'02BP')
		INSERT [dbo].[NOIDSLALookup] ([LocalAuthorityCode], [LTLA_Name], [HPA_CD]) VALUES (N'E08000005', N'Rochdale', N'02BQ')
		INSERT [dbo].[NOIDSLALookup] ([LocalAuthorityCode], [LTLA_Name], [HPA_CD]) VALUES (N'E08000006', N'Salford', N'02BR')
		INSERT [dbo].[NOIDSLALookup] ([LocalAuthorityCode], [LTLA_Name], [HPA_CD]) VALUES (N'E08000007', N'Stockport', N'02BS')
		INSERT [dbo].[NOIDSLALookup] ([LocalAuthorityCode], [LTLA_Name], [HPA_CD]) VALUES (N'E08000008', N'Tameside', N'02BT')
		INSERT [dbo].[NOIDSLALookup] ([LocalAuthorityCode], [LTLA_Name], [HPA_CD]) VALUES (N'E08000009', N'Trafford', N'02BU')
		INSERT [dbo].[NOIDSLALookup] ([LocalAuthorityCode], [LTLA_Name], [HPA_CD]) VALUES (N'E08000010', N'Wigan', N'02BW')
		INSERT [dbo].[NOIDSLALookup] ([LocalAuthorityCode], [LTLA_Name], [HPA_CD]) VALUES (N'E08000011', N'Knowsley', N'03BX')
		INSERT [dbo].[NOIDSLALookup] ([LocalAuthorityCode], [LTLA_Name], [HPA_CD]) VALUES (N'E08000012', N'Liverpool', N'03BY')
		INSERT [dbo].[NOIDSLALookup] ([LocalAuthorityCode], [LTLA_Name], [HPA_CD]) VALUES (N'E08000013', N'St. Helens', N'03BZ')
		INSERT [dbo].[NOIDSLALookup] ([LocalAuthorityCode], [LTLA_Name], [HPA_CD]) VALUES (N'E08000014', N'Sefton', N'03CA')
		INSERT [dbo].[NOIDSLALookup] ([LocalAuthorityCode], [LTLA_Name], [HPA_CD]) VALUES (N'E08000015', N'Wirral', N'03CB')
		INSERT [dbo].[NOIDSLALookup] ([LocalAuthorityCode], [LTLA_Name], [HPA_CD]) VALUES (N'E08000016', N'Barnsley', N'04CC')
		INSERT [dbo].[NOIDSLALookup] ([LocalAuthorityCode], [LTLA_Name], [HPA_CD]) VALUES (N'E08000017', N'Doncaster', N'04CE')
		INSERT [dbo].[NOIDSLALookup] ([LocalAuthorityCode], [LTLA_Name], [HPA_CD]) VALUES (N'E08000018', N'Rotherham', N'04CF')
		INSERT [dbo].[NOIDSLALookup] ([LocalAuthorityCode], [LTLA_Name], [HPA_CD]) VALUES (N'E08000019', N'Sheffield', N'04CG')
		INSERT [dbo].[NOIDSLALookup] ([LocalAuthorityCode], [LTLA_Name], [HPA_CD]) VALUES (N'E08000021', N'Newcastle upon Tyne', N'05CJ')
		INSERT [dbo].[NOIDSLALookup] ([LocalAuthorityCode], [LTLA_Name], [HPA_CD]) VALUES (N'E08000022', N'North Tyneside', N'05CK')
		INSERT [dbo].[NOIDSLALookup] ([LocalAuthorityCode], [LTLA_Name], [HPA_CD]) VALUES (N'E08000023', N'South Tyneside', N'05CL')
		INSERT [dbo].[NOIDSLALookup] ([LocalAuthorityCode], [LTLA_Name], [HPA_CD]) VALUES (N'E08000024', N'Sunderland', N'05CM')
		INSERT [dbo].[NOIDSLALookup] ([LocalAuthorityCode], [LTLA_Name], [HPA_CD]) VALUES (N'E08000025', N'Birmingham', N'06CN')
		INSERT [dbo].[NOIDSLALookup] ([LocalAuthorityCode], [LTLA_Name], [HPA_CD]) VALUES (N'E08000026', N'Coventry', N'06CQ')
		INSERT [dbo].[NOIDSLALookup] ([LocalAuthorityCode], [LTLA_Name], [HPA_CD]) VALUES (N'E08000027', N'Dudley', N'06CR')
		INSERT [dbo].[NOIDSLALookup] ([LocalAuthorityCode], [LTLA_Name], [HPA_CD]) VALUES (N'E08000028', N'Sandwell', N'06CS')
		INSERT [dbo].[NOIDSLALookup] ([LocalAuthorityCode], [LTLA_Name], [HPA_CD]) VALUES (N'E08000029', N'Solihull', N'06CT')
		INSERT [dbo].[NOIDSLALookup] ([LocalAuthorityCode], [LTLA_Name], [HPA_CD]) VALUES (N'E08000030', N'Walsall', N'06CU')
		INSERT [dbo].[NOIDSLALookup] ([LocalAuthorityCode], [LTLA_Name], [HPA_CD]) VALUES (N'E08000031', N'Wolverhampton', N'06CW')
		INSERT [dbo].[NOIDSLALookup] ([LocalAuthorityCode], [LTLA_Name], [HPA_CD]) VALUES (N'E08000032', N'Bradford', N'07CX')
		INSERT [dbo].[NOIDSLALookup] ([LocalAuthorityCode], [LTLA_Name], [HPA_CD]) VALUES (N'E08000033', N'Calderdale', N'07CY')
		INSERT [dbo].[NOIDSLALookup] ([LocalAuthorityCode], [LTLA_Name], [HPA_CD]) VALUES (N'E08000034', N'Kirklees', N'07CZ')
		INSERT [dbo].[NOIDSLALookup] ([LocalAuthorityCode], [LTLA_Name], [HPA_CD]) VALUES (N'E08000035', N'Leeds', N'07DA')
		INSERT [dbo].[NOIDSLALookup] ([LocalAuthorityCode], [LTLA_Name], [HPA_CD]) VALUES (N'E08000036', N'Wakefield', N'07DB')
		INSERT [dbo].[NOIDSLALookup] ([LocalAuthorityCode], [LTLA_Name], [HPA_CD]) VALUES (N'E08000037', N'Gateshead', N'05CH')
		INSERT [dbo].[NOIDSLALookup] ([LocalAuthorityCode], [LTLA_Name], [HPA_CD]) VALUES (N'E09000001', N'City of London', N'01AA')
		INSERT [dbo].[NOIDSLALookup] ([LocalAuthorityCode], [LTLA_Name], [HPA_CD]) VALUES (N'E09000002', N'Barking and Dagenham', N'01AB')
		INSERT [dbo].[NOIDSLALookup] ([LocalAuthorityCode], [LTLA_Name], [HPA_CD]) VALUES (N'E09000003', N'Barnet', N'01AC')
		INSERT [dbo].[NOIDSLALookup] ([LocalAuthorityCode], [LTLA_Name], [HPA_CD]) VALUES (N'E09000004', N'Bexley', N'01AD')
		INSERT [dbo].[NOIDSLALookup] ([LocalAuthorityCode], [LTLA_Name], [HPA_CD]) VALUES (N'E09000005', N'Brent', N'01AE')
		INSERT [dbo].[NOIDSLALookup] ([LocalAuthorityCode], [LTLA_Name], [HPA_CD]) VALUES (N'E09000006', N'Bromley', N'01AF')
		INSERT [dbo].[NOIDSLALookup] ([LocalAuthorityCode], [LTLA_Name], [HPA_CD]) VALUES (N'E09000007', N'Camden', N'01AG')
		INSERT [dbo].[NOIDSLALookup] ([LocalAuthorityCode], [LTLA_Name], [HPA_CD]) VALUES (N'E09000008', N'Croydon', N'01AH')
		INSERT [dbo].[NOIDSLALookup] ([LocalAuthorityCode], [LTLA_Name], [HPA_CD]) VALUES (N'E09000009', N'Ealing', N'01AJ')
		INSERT [dbo].[NOIDSLALookup] ([LocalAuthorityCode], [LTLA_Name], [HPA_CD]) VALUES (N'E09000010', N'Enfield', N'01AK')
		INSERT [dbo].[NOIDSLALookup] ([LocalAuthorityCode], [LTLA_Name], [HPA_CD]) VALUES (N'E09000011', N'Greenwich', N'01AL')
		INSERT [dbo].[NOIDSLALookup] ([LocalAuthorityCode], [LTLA_Name], [HPA_CD]) VALUES (N'E09000012', N'Hackney', N'01AM')
		INSERT [dbo].[NOIDSLALookup] ([LocalAuthorityCode], [LTLA_Name], [HPA_CD]) VALUES (N'E09000013', N'Hammersmith and Fulham', N'01AN')
		INSERT [dbo].[NOIDSLALookup] ([LocalAuthorityCode], [LTLA_Name], [HPA_CD]) VALUES (N'E09000014', N'Haringey', N'01AP')
		INSERT [dbo].[NOIDSLALookup] ([LocalAuthorityCode], [LTLA_Name], [HPA_CD]) VALUES (N'E09000015', N'Harrow', N'01AQ')
		INSERT [dbo].[NOIDSLALookup] ([LocalAuthorityCode], [LTLA_Name], [HPA_CD]) VALUES (N'E09000016', N'Havering', N'01AR')
		INSERT [dbo].[NOIDSLALookup] ([LocalAuthorityCode], [LTLA_Name], [HPA_CD]) VALUES (N'E09000017', N'Hillingdon', N'01AS')
		INSERT [dbo].[NOIDSLALookup] ([LocalAuthorityCode], [LTLA_Name], [HPA_CD]) VALUES (N'E09000018', N'Hounslow', N'01AT')
		INSERT [dbo].[NOIDSLALookup] ([LocalAuthorityCode], [LTLA_Name], [HPA_CD]) VALUES (N'E09000019', N'Islington', N'01AU')
		INSERT [dbo].[NOIDSLALookup] ([LocalAuthorityCode], [LTLA_Name], [HPA_CD]) VALUES (N'E09000020', N'Kensington and Chelsea', N'01AW')
		INSERT [dbo].[NOIDSLALookup] ([LocalAuthorityCode], [LTLA_Name], [HPA_CD]) VALUES (N'E09000021', N'Kingston upon Thames', N'01AX')
		INSERT [dbo].[NOIDSLALookup] ([LocalAuthorityCode], [LTLA_Name], [HPA_CD]) VALUES (N'E09000022', N'Lambeth', N'01AY')
		INSERT [dbo].[NOIDSLALookup] ([LocalAuthorityCode], [LTLA_Name], [HPA_CD]) VALUES (N'E09000023', N'Lewisham', N'01AZ')
		INSERT [dbo].[NOIDSLALookup] ([LocalAuthorityCode], [LTLA_Name], [HPA_CD]) VALUES (N'E09000024', N'Merton', N'01BA')
		INSERT [dbo].[NOIDSLALookup] ([LocalAuthorityCode], [LTLA_Name], [HPA_CD]) VALUES (N'E09000025', N'Newham', N'01BB')
		INSERT [dbo].[NOIDSLALookup] ([LocalAuthorityCode], [LTLA_Name], [HPA_CD]) VALUES (N'E09000026', N'Redbridge', N'01BC')
		INSERT [dbo].[NOIDSLALookup] ([LocalAuthorityCode], [LTLA_Name], [HPA_CD]) VALUES (N'E09000027', N'Richmond upon Thames', N'01BD')
		INSERT [dbo].[NOIDSLALookup] ([LocalAuthorityCode], [LTLA_Name], [HPA_CD]) VALUES (N'E09000028', N'Southwark', N'01BE')
		INSERT [dbo].[NOIDSLALookup] ([LocalAuthorityCode], [LTLA_Name], [HPA_CD]) VALUES (N'E09000029', N'Sutton', N'01BF')
		INSERT [dbo].[NOIDSLALookup] ([LocalAuthorityCode], [LTLA_Name], [HPA_CD]) VALUES (N'E09000030', N'Tower Hamlets', N'01BG')
		INSERT [dbo].[NOIDSLALookup] ([LocalAuthorityCode], [LTLA_Name], [HPA_CD]) VALUES (N'E09000031', N'Waltham Forest', N'01BH')
		INSERT [dbo].[NOIDSLALookup] ([LocalAuthorityCode], [LTLA_Name], [HPA_CD]) VALUES (N'E09000032', N'Wandsworth', N'01BJ')
		INSERT [dbo].[NOIDSLALookup] ([LocalAuthorityCode], [LTLA_Name], [HPA_CD]) VALUES (N'E09000033', N'Westminster', N'01BK')
		INSERT [dbo].[NOIDSLALookup] ([LocalAuthorityCode], [LTLA_Name], [HPA_CD]) VALUES (N'W06000001', N'Isle of Anglesey', N'00NA')
		INSERT [dbo].[NOIDSLALookup] ([LocalAuthorityCode], [LTLA_Name], [HPA_CD]) VALUES (N'W06000002', N'Gwynedd', N'00NC')
		INSERT [dbo].[NOIDSLALookup] ([LocalAuthorityCode], [LTLA_Name], [HPA_CD]) VALUES (N'W06000003', N'Conwy', N'00NE')
		INSERT [dbo].[NOIDSLALookup] ([LocalAuthorityCode], [LTLA_Name], [HPA_CD]) VALUES (N'W06000004', N'Denbighshire', N'00NG')
		INSERT [dbo].[NOIDSLALookup] ([LocalAuthorityCode], [LTLA_Name], [HPA_CD]) VALUES (N'W06000005', N'Flintshire', N'00NJ')
		INSERT [dbo].[NOIDSLALookup] ([LocalAuthorityCode], [LTLA_Name], [HPA_CD]) VALUES (N'W06000006', N'Wrexham', N'00NL')
		INSERT [dbo].[NOIDSLALookup] ([LocalAuthorityCode], [LTLA_Name], [HPA_CD]) VALUES (N'W06000008', N'Ceredigion', N'00NQ')
		INSERT [dbo].[NOIDSLALookup] ([LocalAuthorityCode], [LTLA_Name], [HPA_CD]) VALUES (N'W06000009', N'Pembrokeshire', N'00NS')
		INSERT [dbo].[NOIDSLALookup] ([LocalAuthorityCode], [LTLA_Name], [HPA_CD]) VALUES (N'W06000010', N'Carmarthenshire', N'00NU')
		INSERT [dbo].[NOIDSLALookup] ([LocalAuthorityCode], [LTLA_Name], [HPA_CD]) VALUES (N'W06000011', N'Swansea', N'00NX')
		INSERT [dbo].[NOIDSLALookup] ([LocalAuthorityCode], [LTLA_Name], [HPA_CD]) VALUES (N'W06000012', N'Neath Port Talbot', N'00NZ')
		INSERT [dbo].[NOIDSLALookup] ([LocalAuthorityCode], [LTLA_Name], [HPA_CD]) VALUES (N'W06000013', N'Bridgend', N'00PB')
		INSERT [dbo].[NOIDSLALookup] ([LocalAuthorityCode], [LTLA_Name], [HPA_CD]) VALUES (N'W06000014', N'Vale of Glamorgan', N'00PD')
		INSERT [dbo].[NOIDSLALookup] ([LocalAuthorityCode], [LTLA_Name], [HPA_CD]) VALUES (N'W06000015', N'Cardiff', N'00PT')
		INSERT [dbo].[NOIDSLALookup] ([LocalAuthorityCode], [LTLA_Name], [HPA_CD]) VALUES (N'W06000016', N'Rhondda Cynon Taf', N'00PF')
		INSERT [dbo].[NOIDSLALookup] ([LocalAuthorityCode], [LTLA_Name], [HPA_CD]) VALUES (N'W06000018', N'Caerphilly', N'00PK')
		INSERT [dbo].[NOIDSLALookup] ([LocalAuthorityCode], [LTLA_Name], [HPA_CD]) VALUES (N'W06000019', N'Blaenau Gwent', N'00PL')
		INSERT [dbo].[NOIDSLALookup] ([LocalAuthorityCode], [LTLA_Name], [HPA_CD]) VALUES (N'W06000020', N'Torfaen', N'00PM')
		INSERT [dbo].[NOIDSLALookup] ([LocalAuthorityCode], [LTLA_Name], [HPA_CD]) VALUES (N'W06000021', N'Monmouthshire', N'00PP')
		INSERT [dbo].[NOIDSLALookup] ([LocalAuthorityCode], [LTLA_Name], [HPA_CD]) VALUES (N'W06000022', N'Newport', N'00PR')
		INSERT [dbo].[NOIDSLALookup] ([LocalAuthorityCode], [LTLA_Name], [HPA_CD]) VALUES (N'W06000023', N'Powys', N'00NN')
		INSERT [dbo].[NOIDSLALookup] ([LocalAuthorityCode], [LTLA_Name], [HPA_CD]) VALUES (N'W06000024', N'Merthyr Tydfil', N'00PH')


		EXEC [dbo].[uspSeedHospitalLookupValues]



		-- Enable all foreign keys again
		DECLARE @SqlCheck NVARCHAR(MAX) = '';
		;WITH x AS
		(
			SELECT DISTINCT obj =
				QUOTENAME(OBJECT_SCHEMA_NAME(parent_object_id)) + '.' +
				QUOTENAME(OBJECT_NAME(parent_object_id))
			FROM sys.foreign_keys
		)
		SELECT @SqlCheck += N'ALTER TABLE ' + obj + ' WITH CHECK CHECK CONSTRAINT ALL;' FROM x;
		EXEC sp_executesql @SqlCheck;

		COMMIT
	END TRY
	BEGIN CATCH
		-- A "Generate" proc has errored
		ROLLBACK

		-- Show error on screen
		EXEC dbo.uspHandleException
	END CATCH